{
  "ma_cross": 0.1352001519534952,
  "rsi_reversal": 0.1164676065049901,
  "macd_signal": 0.1352001519534952,
  "kdj_signal": 0.11763569445595407,
  "bollinger_band": 0.11111244353483937,
  "momentum": 0.13474199020539723,
  "volume_price": 0.11701629045621384,
  "fundamental": 0.13262567093561484
}