{
  "ma_cross": 0.1256172127852769,
  "rsi_reversal": 0.11128167342286907,
  "macd_signal": 0.1256172127852769,
  "kdj_signal": 0.10984406053323915,
  "bollinger_band": 0.10984406053323915,
  "momentum": 0.1249626960022798,
  "volume_price": 0.11517181760133853,
  "fundamental": 0.17766126633648033
}