{
  "ma_cross": 0.141908209371248,
  "rsi_reversal": 0.12009775966247484,
  "macd_signal": 0.141908209371248,
  "kdj_signal": 0.12308983820185451,
  "bollinger_band": 0.11200031163595953,
  "momentum": 0.14158749614757943,
  "volume_price": 0.11830742145462655,
  "fundamental": 0.101100754155009
}