{
  "ma_cross": 0.15603103172491217,
  "rsi_reversal": 0.12345949428052333,
  "macd_signal": 0.1629728175468829,
  "kdj_signal": 0.1352450288917157,
  "bollinger_band": 0.10783636069167463,
  "momentum": 0.15752135322492367,
  "volume_price": 0.1148956745293163,
  "fundamental": 0.04203823911005117
}