{
  "ma_cross": 0.12827356270407025,
  "rsi_reversal": 0.1275035848711263,
  "macd_signal": 0.13316409229995346,
  "kdj_signal": 0.12828287100367342,
  "bollinger_band": 0.12166715393216818,
  "momentum": 0.12794628306720457,
  "volume_price": 0.12202876023933612,
  "fundamental": 0.11113369188246752
}