{
  "ma_cross": 0.15589690199204426,
  "rsi_reversal": 0.124385166086691,
  "macd_signal": 0.16081054788338003,
  "kdj_signal": 0.13228503131510422,
  "bollinger_band": 0.1143903725524307,
  "momentum": 0.15527915466297582,
  "volume_price": 0.12945067181787273,
  "fundamental": 0.027502153689501093
}