{
  "ma_cross": 0.15663830520761016,
  "rsi_reversal": 0.12062915393217398,
  "macd_signal": 0.15998233448544674,
  "kdj_signal": 0.134359701712538,
  "bollinger_band": 0.10578070832027395,
  "momentum": 0.15607215080230652,
  "volume_price": 0.11347353443749432,
  "fundamental": 0.0530641111021562
}