{
  "ma_cross": 0.12814993295133417,
  "rsi_reversal": 0.11814875400178541,
  "macd_signal": 0.12814993295133417,
  "kdj_signal": 0.11679356550209732,
  "bollinger_band": 0.11679356550209732,
  "momentum": 0.127214908975624,
  "volume_price": 0.12230901442860394,
  "fundamental": 0.14244032568712353
}