{
  "ma_cross": 0.1580934347468495,
  "rsi_reversal": 0.11958936443351387,
  "macd_signal": 0.15918357898798619,
  "kdj_signal": 0.13686630950739478,
  "bollinger_band": 0.11259300895953167,
  "momentum": 0.15531160373370326,
  "volume_price": 0.12548462632813942,
  "fundamental": 0.03287807330288112
}