{
  "ma_cross": 0.13168074021238826,
  "rsi_reversal": 0.13010935687984967,
  "macd_signal": 0.1416614128570479,
  "kdj_signal": 0.13169973674219068,
  "bollinger_band": 0.11819827333095548,
  "momentum": 0.1310128225861318,
  "volume_price": 0.11893624538640027,
  "fundamental": 0.09670141200503575
}