{
  "ma_cross": 0.15616291922660863,
  "rsi_reversal": 0.1252054580863075,
  "macd_signal": 0.1596675872473946,
  "kdj_signal": 0.1329761537314898,
  "bollinger_band": 0.11444200771848653,
  "momentum": 0.15528042304222514,
  "volume_price": 0.12716965568059793,
  "fundamental": 0.029095795266889723
}