{
  "ma_cross": 0.13863416369875156,
  "rsi_reversal": 0.13542725893846871,
  "macd_signal": 0.15900288338173044,
  "kdj_signal": 0.1386729321269198,
  "bollinger_band": 0.1111189251652153,
  "momentum": 0.13727106650230989,
  "volume_price": 0.11262499058449033,
  "fundamental": 0.06724777960211378
}