{
  "ma_cross": 0.15703578945996988,
  "rsi_reversal": 0.12681585942688955,
  "macd_signal": 0.15941682199690585,
  "kdj_signal": 0.13562027097094229,
  "bollinger_band": 0.111933178261087,
  "momentum": 0.1575469697344738,
  "volume_price": 0.11911649607981181,
  "fundamental": 0.03251461406991973
}