{
  "ma_cross": 0.15638608363621687,
  "rsi_reversal": 0.12527402060003473,
  "macd_signal": 0.16303186241858497,
  "kdj_signal": 0.13309679401637597,
  "bollinger_band": 0.11153677311296434,
  "momentum": 0.1584035951638739,
  "volume_price": 0.11988446625708032,
  "fundamental": 0.032386404794868824
}