{
  "ma_cross": 0.1569149166491285,
  "rsi_reversal": 0.12301084286150354,
  "macd_signal": 0.15925573714361407,
  "kdj_signal": 0.13479664328146326,
  "bollinger_band": 0.10826809698576373,
  "momentum": 0.15651860856541594,
  "volume_price": 0.11582749224152289,
  "fundamental": 0.045407662271587955
}