{
  "ma_cross": 0.14502753437096147,
  "rsi_reversal": 0.12197884126987321,
  "macd_signal": 0.14502753437096147,
  "kdj_signal": 0.12990932997614926,
  "bollinger_band": 0.11241993849883897,
  "momentum": 0.14480303511439344,
  "volume_price": 0.11878025994814265,
  "fundamental": 0.0820535264506795
}