{
  "ma_cross": 0.1296765181486718,
  "rsi_reversal": 0.12857654981589475,
  "macd_signal": 0.1366629889999335,
  "kdj_signal": 0.12968981571953347,
  "bollinger_band": 0.12023879133166882,
  "momentum": 0.12920897581029225,
  "volume_price": 0.12075537177048018,
  "fundamental": 0.10519098840352503
}