{
  "ma_cross": 0.1502797800145205,
  "rsi_reversal": 0.12158881753648647,
  "macd_signal": 0.15142131431518163,
  "kdj_signal": 0.12828169393154082,
  "bollinger_band": 0.11261451699544026,
  "momentum": 0.151264164835584,
  "volume_price": 0.12049134491193618,
  "fundamental": 0.0640583674593101
}