{
  "ma_cross": 0.1345439145891261,
  "rsi_reversal": 0.1322990812569281,
  "macd_signal": 0.1488020183672113,
  "kdj_signal": 0.13457105248884385,
  "bollinger_band": 0.1152832476156507,
  "momentum": 0.1335897465516169,
  "volume_price": 0.11633749340914323,
  "fundamental": 0.08457344572147965
}