{
  "ma_cross": 0.15151946806639308,
  "rsi_reversal": 0.12394648742016398,
  "macd_signal": 0.15231854207685586,
  "kdj_signal": 0.13162722366134413,
  "bollinger_band": 0.11466875427678952,
  "momentum": 0.15071067605881647,
  "volume_price": 0.12168039520065771,
  "fundamental": 0.0535284532389792
}