{
  "ma_cross": 0.14662103816932298,
  "rsi_reversal": 0.14203974565463318,
  "macd_signal": 0.15856991749044122,
  "kdj_signal": 0.14667642163813477,
  "bollinger_band": 0.10731355454998545,
  "momentum": 0.1446737564601206,
  "volume_price": 0.10946507657752122,
  "fundamental": 0.044640489459840414
}