{
  "ma_cross": 0.13307451993418265,
  "rsi_reversal": 0.1254658641184712,
  "macd_signal": 0.13307451993418265,
  "kdj_signal": 0.1241977548158526,
  "bollinger_band": 0.1241977548158526,
  "momentum": 0.13307451993418265,
  "volume_price": 0.12673397342108977,
  "fundamental": 0.10018109302618577
}