{
  "ma_cross": 0.15648982521123989,
  "rsi_reversal": 0.1249920811053481,
  "macd_signal": 0.1613490752866194,
  "kdj_signal": 0.13541637230688763,
  "bollinger_band": 0.1097070536457442,
  "momentum": 0.15753305026124792,
  "volume_price": 0.11682299030579826,
  "fundamental": 0.03768955187711444
}