{
  "ma_cross": 0.1568109806516693,
  "rsi_reversal": 0.12606489188272543,
  "macd_signal": 0.16021245570443496,
  "kdj_signal": 0.13553631269750802,
  "bollinger_band": 0.1110165387135929,
  "momentum": 0.1575412381866749,
  "volume_price": 0.11817211134933564,
  "fundamental": 0.03464547081405873
}